Tweet ID,Author ID,Created At,Tweet Text
1880959764638871972,1534099525811417089,2025-01-19 12:45:29+00:00,"Korean music shows guide! 

Let's go and grind ahgases üíöüíöüíöüíöüíöüíöüíö

Stream and vote üî•

#GOT7 #Í∞ìÏÑ∏Î∏ê
#WINTER_HEPTAGON
#GOT7_WINTER_HEPTAGON
#PYTHON #GOT7_PYTHON https://t.co/Q5nFNkEDwL"
1880959623634768037,1304420331612827649,2025-01-19 12:44:55+00:00,"‚ÄºÔ∏è LIKE AND REPOST USE ALL YOUR ACCOUNTS ‚ÄºÔ∏è

#GOT7 #Í∞ìÏÑ∏Î∏ê
#PYTHON #GOT7_PYTHON
#WINTER_HEPTAGON
#GOT7_WINTER_HEPTAGON https://t.co/w0q2O0z7dl"
1880959194716950812,1534099525811417089,2025-01-19 12:43:13+00:00,"Youtube streaming guide!! 

Let's gooooo!! 

#GOT7 #Í∞ìÏÑ∏Î∏ê
#WINTER_HEPTAGON
#GOT7_WINTER_HEPTAGON
#PYTHON #GOT7_PYTHON https://t.co/AddNc0J9ex"
1880958972997542106,1534099525811417089,2025-01-19 12:42:20+00:00,"Leggo ahgases! 

And to all my other friends, you can try to listen to their songs as well, everything is so lit üî•üíöüçÄ

#GOT7 #Í∞ìÏÑ∏Î∏ê
#WINTER_HEPTAGON
#GOT7_WINTER_HEPTAGON
#PYTHON #GOT7_PYTHON https://t.co/LGNTZSF7Tb"
1880958674837103020,1788925422333579264,2025-01-19 12:41:09+00:00,"‚úÖI have completed the PYTHON Lists Exercise from W3Schools üí™

#W3Schools
#PYTHON
#Exercises https://t.co/XTmvSgic7W"
1880958613197623774,1367496104133148677,2025-01-19 12:40:54+00:00,"I can‚Äôt believe the masterpiece will be released tomorrow!!

‚ú¶2025.01.20 6PM (KST)

#GOT7 #Í∞ìÏÑ∏Î∏ê
#PYTHON #GOT7_PYTHON
#WINTER_HEPTAGON
#GOT7_WINTER_HEPTAGON

 https://t.co/RsjX0g04sz"
1880958333043323329,1534099525811417089,2025-01-19 12:39:47+00:00,"Curious... Will there be dance challenges for all songs in their album or just for Phyton? Looking forward to the dance challenge ü´£üíö

#GOT7 #Í∞ìÏÑ∏Î∏ê
#WINTER_HEPTAGON
#GOT7_WINTER_HEPTAGON
#PYTHON #GOT7_PYTHON"
1880958019388985471,2196900308,2025-01-19 12:38:32+00:00,"For Hacking, Recovery, Tracking, missing phone or finding someone‚Äôs location Dm now!

#MachineLearning #Jupyter #SQL #DataScience¬† #Cybersecurity #BigData #Analytics #Python¬† #TensorFlow #JavaScript #MISPL #DataScientist #Linux #Programming #Coding #100DaysofCode #Data #Flutter https://t.co/o24fiXtUWN"
1880957946320019477,2196900308,2025-01-19 12:38:15+00:00,"For Hacking, Recovery, Tracking, missing phone or finding someone‚Äôs location Dm now!

#MachineLearning #Jupyter #SQL #DataScience¬† #Cybersecurity #BigData #Analytics #Python¬† #TensorFlow #JavaScript #MISPL #DataScientist #Linux #Programming #Coding #100DaysofCode #Data #Flutter https://t.co/eanYIJ2Y5K"
1880957905584931220,1476221959734059011,2025-01-19 12:38:05+00:00,"#gfg160 #geekstreak2024 #Python
Day 66 of GFG160 - 160 days of Problem Solving (DSA)          
TASK - Rotate a Linked List 
Time Complexity O(n), Space Complexity O(1) https://t.co/3L0almtZEe"
1880957130192166965,1246772437150093313,2025-01-19 12:35:00+00:00,How to check if a variable is a number in #Python? https://t.co/lp7P6Oucwb
1880957121686278454,1534099525811417089,2025-01-19 12:34:58+00:00,"!!! 

Let's focus on their comeback and voting polls! 

Fighting ahgases üíö

#GOT7 #Í∞ìÏÑ∏Î∏ê
#WINTER_HEPTAGON
#GOT7_WINTER_HEPTAGON
#PYTHON #GOT7_PYTHON https://t.co/OUZKJRpbs3"
1880956820510093817,1845509614009229312,2025-01-19 12:33:47+00:00,"Send Me A DM for all digital hacking
#MachineLearning #DataScience #SQL
#Cybersecurity #BigData #Analytics #Al #lloT #Python #JavaScript #ReactJS 
#CloudComputing #Serverless
#DataScientist #Linux #Programming #Coding #100DaysofCode #NodeJS #golang #NLP #GitHub #loT https://t.co/Ou6T9ucVYl"
1880956792198582295,1534099525811417089,2025-01-19 12:33:40+00:00,"Please vote for GOT7 üíöüôèüçÄ

#GOT7 #Í∞ìÏÑ∏Î∏ê
#WINTER_HEPTAGON
#GOT7_WINTER_HEPTAGON
#PYTHON #GOT7_PYTHON https://t.co/ECRc9fYYuH"
1880956592239288548,1534099525811417089,2025-01-19 12:32:52+00:00,"Moots and friends both in kpop and bl please please vote for GOT7! üíöüôèüçÄ tyia

#GOT7 #Í∞ìÏÑ∏Î∏ê
#WINTER_HEPTAGON
#GOT7_WINTER_HEPTAGON
#PYTHON #GOT7_PYTHON https://t.co/KPYy3Lh3HI"
1880956586656719035,1845509614009229312,2025-01-19 12:32:51+00:00,"Inbox now Cybersecurity #Analytics #AI
#Python #RStats #TensorFlow
#React's
#CloudComputing #Serverless
#DataScientist #Linux
#100DaysofCode
#NodeJS #golang #loT
#Blockchain
#Bitcoin https://t.co/mFU7UXp7Aj"
1880956357173727740,1878703154789031937,2025-01-19 12:31:56+00:00,For hacking or any account Recovery Dm now ! #Roblox #RobloxDown #TikTok #Discord #reddit #Data Science #Data Scientists #Snapchat #Tech #deeplearning #CyberSecurity #Python #Coding #javascript #rstats # 100DaysOfCode #facebooksupport #Linux #BigData #snapchatdown #telegram https://t.co/GuTPQesy5J
1880955947214147623,1364075128900968456,2025-01-19 12:30:18+00:00,"Use all your votes 
#GOT7 #Í∞ìÏÑ∏Î∏ê
#WINTER_HEPTAGON
#GOT7_WINTER_HEPTAGON
#PYTHON #GOT7_PYTHON https://t.co/fqxVsrV847"
1880955875084607644,1431906016237481986,2025-01-19 12:30:01+00:00,"@GOT7Official URGENT ‚ÄºÔ∏è‚ÄºÔ∏èüê¶

follow, like and rt. 

https://t.co/X5oAFs1dlT

#GOT7 #Í∞ìÏÑ∏Î∏ê #PYTHON #GOT7_PYTHON #WINTER_HEPTAGON #GOT7_WINTER_HEPTAGON"
1880955850791207340,1845509614009229312,2025-01-19 12:29:55+00:00,"Send Me A DM for all digital hacking
#MachineLearning #DataScience #SQL
#Cybersecurity #BigData #Analytics #Al #lloT #Python #JavaScript #ReactJS 
#CloudComputing #Serverless
#DataScientist #Linux #Programming #Coding #100DaysofCode #NodeJS #golang #NLP #GitHub #loT https://t.co/ySUYWJtgFF"
1880955783434944629,1845509614009229312,2025-01-19 12:29:39+00:00,"Inbox now Cybersecurity #Analytics #AI
#Python #RStats #TensorFlow
#React's
#CloudComputing #Serverless
#DataScientist #Linux
#100DaysofCode
#NodeJS #golang #loT
#Blockchain
#Bitcoin https://t.co/qvAr9P1cm9"
1880954749958418626,1040962648030863361,2025-01-19 12:25:33+00:00,"ALBUM RELEASE
‚ú¶2025.01.20 6PM (KST)

@GOT7Official #GOT7
#Í∞ìÏÑ∏Î∏ê‚Äã #PYTHON #GOT7_PYTHON
#WINTER_HEPTAGON
#GOT7_WINTER_HEPTAGON

https://t.co/Yfceimtf0b"
1880953083204887032,1630301677029847050,2025-01-19 12:18:56+00:00,"Built a data science/ML report with just 3 lines of Python code.
Who says innovation needs to be complicated? üêçüöÄ
#Python #DataScience #MachineLearning https://t.co/uyoy9oBofo"
1880952908394668419,1433337506846560257,2025-01-19 12:18:14+00:00,"Day 66/160     
Day 66: Solved ""Rotate a Linked List""                                          
Grateful for this challenge series. Let‚Äôs keep the streak alive!                                         
#gfg160 #geekstreak2024 #Python https://t.co/XalHoupOPb"
1880952305995981104,1655332879235268610,2025-01-19 12:15:50+00:00,"üå¶Ô∏è Want to build a weather dashboard? Check out Sherif Sani‚Äôs guide on using Python, the OpenWeather API, and AWS S3 to fetch and store live weather data! A great project for sharpening your Python skills! #Python #AWS #OpenWeatherAPI #DevOpsChallenge üåç https://t.co/fuirj29M9l"
1880951809696772104,1686884129646727168,2025-01-19 12:13:52+00:00,"I am at your service for Any Account Recovery and Hacking now
#snapchatdown #DataScience #DataScientists #CodeNewbies #Tech #deeplearning #Python #Coding  #javascript #rstats #100DaysOfCode #programming #Linux #IoT #IIoT #BigData #gmaildown #SNAPCHATLEAKED #ROBLOX #Discord https://t.co/WmwHlcDVoe"
1880951564707463226,1824954432473141248,2025-01-19 12:12:54+00:00,"Inbox now Cybersecurity #Analytics #AI
#Python #RStats #TensorFlow
#React's
#CloudComputing #Serverless
#DataScientist #Linux
#100DaysofCode
#NodeJS #golang #loT
#Blockchain
#Bitcoin https://t.co/Qt6EqSo9pM"
1880950872504672531,24418275,2025-01-19 12:10:09+00:00,"Brilliant. Couldn't replicate a successful install on another machine because there was a stray env variable named '_' set to a different #python package directory. This toolchain is such a brittle timesuck, I don't get how people live with it."
1880950505159172287,1824954432473141248,2025-01-19 12:08:41+00:00,"C++mostly used in
Rn
#ArtificialIntelligence #Al #ML
#DataScience #DataScientists
#CodeNewbies #Tech #deeplearning
#CyberSecurity #Python #Coding #javascript #rstats #100DaysOfCode #programming #Linux #loT #lloT
#BigData"
1880950192356421634,1873320149367025664,2025-01-19 12:07:26+00:00,"Hey @IQ6900_, love your art! üíö
@SwotBotAI  can do that in SWOT Bot blue with his python art script. üíô

$IQ $TRUMP @realDonaldTrump $SWOT #PYTHON https://t.co/HxY8NiF4Wh"
1880949386559230206,873428304346271744,2025-01-19 12:04:14+00:00,"LESS THAN 24 HOURS FOR GOT7 COMEBACK ü•≥ü•≥üíöüíöüíö 

GET READY IGOT7 üíö

GOT7 X IGOT7 ‚úÖÔ∏è
‚ú¶2025.01.20 6PM (KST)

#GOT7 #Í∞ìÏÑ∏Î∏ê
#PYTHON #GOT7_PYTHON
#WINTER_HEPTAGON
#GOT7_WINTER_HEPTAGON"
1880949083717894580,1449132686157615105,2025-01-19 12:03:02+00:00,"Use ThreadPoolExecutor for a parallel for loop with threads
#Python #Concurrency https://t.co/W6lmHMAStd"
1880948923180994586,873428304346271744,2025-01-19 12:02:24+00:00,"GOT7 COMEBACK IS ON 
‚ú¶2025.01.20 6PM (KST)

#GOT7 #Í∞ìÏÑ∏Î∏ê
#PYTHON #GOT7_PYTHON
#WINTER_HEPTAGON
#GOT7_WINTER_HEPTAGON https://t.co/yjwmUG4eUL"
1880948354567553535,4024988533,2025-01-19 12:00:08+00:00,"2025 Jan 19 (Sun) 21:00:08  
 Test posted at 1 hour intervals.
 Conoha-VPS on Linux Debian12.
 #VScode #Docker #Python #NodeRED 
 #Ë¶≥ÂÖâxIT #Â±±„ÉÑ„Ç§ #3VÂ∞èÊ∞¥ÂäõÁô∫Èõª https://t.co/qVd0dZofn5"
1880948276905885807,1686884129646727168,2025-01-19 11:59:50+00:00,"Contact me now for support on Hacking or Recovery Services!
#ArtificialIntelligence #DataScience #DataScientists #CodeNewbies #Tech #deeplearning #CyberSecurity #Python #Coding  #javascript #rstats #100DaysOfCode #programming #Linux #IoT #IIoT #BigData #snapchatdown #instagram https://t.co/1wDQSP0qoN"
1880948164934725643,1686884129646727168,2025-01-19 11:59:23+00:00,"Contact me now for support on Hacking or Recovery Services!
#ArtificialIntelligence #DataScience #DataScientists #CodeNewbies #Tech #deeplearning #CyberSecurity #Python #Coding  #javascript #rstats #100DaysOfCode #programming #Linux #IoT #IIoT #BigData #snapchatdown #instagram https://t.co/ZcA41v3NaG"
1880948083976249575,1686884129646727168,2025-01-19 11:59:04+00:00,"Is your Account Hacked Dm now!
#Snapchat #snapchatdown #instagram #reddit #roblox #TikTok #Gmail #facebooksupport #DataScientists #CodeNewbies #gmaildown #Bitcoin   #BNB   #Facebook #Python #Coding  #robloxcondos #100DaysOfCode #programming #Linux #IoT #IIoT #instablock #WhatsApp https://t.co/xC6hAERpf9"
1880947985196122464,1686884129646727168,2025-01-19 11:58:40+00:00,"Contact me now for Hacking or Recovery of Any Account!
#reddit #RobloxDown #ROBLOX #gmaildown #gmailhack #DataScience #snaphack #CodeNewbies #Tech #deeplearning #snapchatleak #Python #Coding  #javascript #rstats #100DaysOfCode #programming #Linux #IoT #IIoT #BigData https://t.co/C2Q2MlqrV0"
1880947934646485476,1686884129646727168,2025-01-19 11:58:28+00:00,"Contact me now for Hacking or Recovery of Any Account!
#btc  #Binance  #TrustWallet #blockchains #NFTs #reddit #RobloxDown #tiktok #facebooksupport 
#Instagram #Tech #Whatsapp #CyberSecurity #Python #Coding  #javascript #rstats #100DaysOfCode #programming #snapchatdown #gmaildown https://t.co/Q3oIz2AgYG"
1880947931081240924,1824954432473141248,2025-01-19 11:58:27+00:00,"C++mostly used in
Rn
#ArtificialIntelligence #Al #ML
#DataScience #DataScientists
#CodeNewbies #Tech #deeplearning
#CyberSecurity #Python #Coding #javascript #rstats #100DaysOfCode #programming #Linux #loT #lloT
#BigData https://t.co/8CTuGqhQfP"
1880947871144612152,1686884129646727168,2025-01-19 11:58:13+00:00,"Did you lost your account and finding it difficult to Recovery, contact me now I am at your service!!
#BinanceTTC #BNB  #Binance‚ÄØ‚ÄØ‚ÄØ  #Bitcoin  #btc  #snapchatdown #snaphack #DataScientists #Python #Coding  #javascript #100DaysOfCode #Linux #IIoT #BigData #facebooksupport #snap https://t.co/4xPoZkqLrt"
1880947804312609012,1686884129646727168,2025-01-19 11:57:57+00:00,"For any lost coins, wallet, pass phrase or Any account Problem contact me now
#ArtificialIntelligence #AI #ML #Bitcoin  #DataScientists #CodeNewbies #Tech #deeplearning #BNB  #Python #Coding  #TrustWallet #Blockchain #NFTs  #100DaysOfCode #programming #Linux #Binance  #trc20 https://t.co/Zk0VdsfxyE"
1880947748767470031,1686884129646727168,2025-01-19 11:57:44+00:00,"I am trusted and Reliable for any Hacking or Account Recovery 
#ArtificialIntelligence #Telegram #DataScience #DataScientists #facebookdown #gmailhack #WhatsApp #CyberSecurity #Python #Coding  #gmaildown #100DaysOfCode #programming  #BigData #SnapChat #instagram #telegram https://t.co/qhmZAM0Ann"
1880947679355924835,1686884129646727168,2025-01-19 11:57:27+00:00,"Hacking is easy only with the professional hacker contact me now for support or help on account Recovery or Hacking
#ArtificialIntelligence #gmaildown #DataScience #facebooksupport #SnapChat #deeplearning #Instagramsuspended #Python  #WhatsApp #100DaysOfHacking #100DaysOfCode https://t.co/0bURwrXMDR"
1880947634363580713,1824954432473141248,2025-01-19 11:57:17+00:00,"Send Me A DM for all digital hacking
#MachineLearning #DataScience #SQL
#Cybersecurity #BigData #Analytics #Al #lloT #Python #JavaScript #ReactJS 
#CloudComputing #Serverless
#DataScientist #Linux #Programming #Coding #100DaysofCode #NodeJS #golang #NLP #GitHub #loT https://t.co/CYwqB5tRMT"
1880947627606552681,1686884129646727168,2025-01-19 11:57:15+00:00,"Contacting their support is totally pointless Dm now for any Recovery of Hacking Problems 
#ArtificialIntelligence #AI #ML #facebookdown #Instagram #Telegram #NFT #deeplearning #snapchatdown #Python #Coding  #javascript #rstats #100DaysOfCode #programming #Linux #Snapchat https://t.co/0TJ0kUkKzE"
1880947443707355584,1878703154789031937,2025-01-19 11:56:31+00:00,For hacking or any account Recovery Dm now ! #Roblox #RobloxDown #TikTok #Discord #reddit #Data Science #Data Scientists #Snapchat #Tech #deeplearning #CyberSecurity #Python #Cod https://t.co/fIeyRBcBj5
1880947019814232418,1824954432473141248,2025-01-19 11:54:50+00:00,"What's your hack?? DM me now for #Cybersecurity #Analytics #Al #lloT
#Python #RStats #TensorFlow #React's
#CloudComputing #Serverless
#DataScientist #Linux #100DaysofCode
#NodeJS #golang #loT #Blockchain
#Bitcoin https://t.co/W9xhrUHQao"
1880946959340765455,1686884129646727168,2025-01-19 11:54:36+00:00,"If you need help with hacking or account recovery #Telegram  
#DataSecurity #dataScientist #snapchatsupport #Python #NFT #Reactjs #IIoT #snapchatdown #javascript #TensorFlow #BigData #Cloud #coding #100DaysOfCode #reddit #WhatsApp  #fintech #CyberSecurity #technology #blockchain https://t.co/Z8mwxwRiJg"
1880946872929624334,1686884129646727168,2025-01-19 11:54:15+00:00,"I am 100% reliable and trusted you can contact me now for any hacking or recovery problems #MachineLearning, #DeepLearning #ComputerVision #python #NFTs #facebookdown #Assigments #Datavisualization #snapchatleak #snapchatdown #SnapChat #instagramdown #telegram https://t.co/6rY4ghYz1W"
1880946813353775436,1686884129646727168,2025-01-19 11:54:01+00:00,"To Hack or Recover your account Dm now
#Algorithms #Wearables #health #DataScience #Python #Cloud #AI #flutter #Serverless #Gmail #Snapchat  #Blockchain #BigData #Rstats #100DaysOfCode #IoT #startup #Data #Analytics #Automation #digitalhealth #Instagram  #cybersecurity #Robotic https://t.co/C2oJW60OdJ"
1880946758009962831,1686884129646727168,2025-01-19 11:53:48+00:00,"To Hack or Recover your account Dm now
#healthcare #Algorithms #Wearables #virtual #DataScience #Python #Snapchat #Cloud #Whatsapp #flutter #Serverless #blockchain #publichealth #BigData #Gmailhecked #100DaysOfCode #IoT #startup #Statistics #Data #Analytics #Automation #NFTs to https://t.co/92Oru20Mlq"
1880946386214273264,1686884129646727168,2025-01-19 11:52:19+00:00,"For Hacking, Recovery, Tracking, missing phone or finding someone‚Äôs location Dm now!

#MachineLearning #Jupyter #SQL #DataScience  #Cybersecurity #BigData #Analytics #Python  #TensorFlow #JavaScript #MISPL #DataScientist #Linux #Programming #Coding #100DaysofCode #Data #Flutter https://t.co/K95uiV92P9"
1880946384314257475,1439007862852923402,2025-01-19 11:52:18+00:00,"üêç Python Quiz Time!

Given this Python code:

What will be the output?
Choose the correct answer below:

A) [1, 2, 3, 4, 5, None] üòÖ
B) [1, 2, 3, 4, 5, 5] üòé
C) [1, 2, 3, 4] ü§ì
D) Error: Invalid operation! üí•

Answer in comments! 
#python #PythonTips #100DaysOfCode #Python_Task https://t.co/zoV5VdUiyp"
1880946306270847433,1686884129646727168,2025-01-19 11:52:00+00:00,"If you‚Äôre having any password recovery problems Dm your favorite hacker now!

#ArtificialIntelligence #AI #ML #DataScience #DataScientists #CodeNewbies #Tech #deeplearning #CyberSecurity #Python #Coding  #javascript #rstats #100DaysOfCode #programming #Linux #IoT #IIoT #BigData https://t.co/GVffvkG86k"
1880946221214535778,1686884129646727168,2025-01-19 11:51:40+00:00,If you need a hacker for any kind of problem contact me now #programming #BigData #MachineLearning #DataScience #Cybersecurity #Analytics #AI #IIoT #Python #RStats #ReactJS #CloudComputing #Serverless #DataScientist #Linux  #100DaysofCode #NodeJS #golang #IoT #Blockchain #Bitcoin https://t.co/uHOQ4AouTu
1880946174829658363,1531979175275397120,2025-01-19 11:51:29+00:00,"Hejjjj there! I love experimenting with #Python, and I'm now embedding AI into the Bitcoin blockchain. If you have a minute, I Would love your feedback: [https://t.co/qzIE0mRFsW]. Let's push the boundaries of tech together! #Bitcoin #AI #Blockchain #Krakow #FeedbackWanted https://t.co/S8VNHPak77"
1880946052473463248,1686884129646727168,2025-01-19 11:50:59+00:00,"Contact me now for hacking or recovery problems #DataScience
#MachineLearning #Python #programming #DataScientists #Analytics #BigData #AI #DataScience #TensorFlow #Coding #Serverless #100DaysOfCode #CodeNewbie #IoT #DEVCommunity #DataOps #DataAnalytics #Database #Java  #Cloud https://t.co/4KXqE6knhM"
1880946005413347602,1445637856123314176,2025-01-19 11:50:48+00:00,"Try us today! We write A+ papers for busy students
DM for;
#Casestudy
#research
#Thesis
#summerclasses
#Python
#programming.
#college paper.
#writemyessay
#homework help
#essay help.
#assignments help
#domyhomework
#researchpaper
#writemypaper
Dm us"
1880945729742753887,1686884129646727168,2025-01-19 11:49:42+00:00,"Have Your account been #Hacked Dm now for help
#ArtificialIntelligence #DataScience #DataScientists #innovation #deeplearning #CyberSecurity #nocode #Python #Coding  #javascript #rstats #100DaysOfCode #programming #Linux  #IoT #IIoT #Trending  #Python #Bitcoin    #Blockchain https://t.co/2nSh8ozHCY"
1880945031290446235,741654179010072577,2025-01-19 11:46:56+00:00,"@TOP100KPOP GOT7 COMEBACK 2025 ‚ùÑÔ∏è

#GOT7 #Í∞ìÏÑ∏Î∏ê
#PYTHON #GOT7_PYTHON
#WINTER_HEPTAGON
#GOT7_WINTER_HEPTAGON

‚¨áÔ∏èü§ó‚ùÑÔ∏èüíö
https://t.co/scsfdm0eDE https://t.co/7CjPiZkd1h"
1880944819096498375,1281955352,2025-01-19 11:46:05+00:00,"Send Me A DM for all digital hacking
#MachineLearning #DataScience #SQL
#Cybersecurity #BigData #Analytics #Al #lloT #Python #JavaScript #ReactJS 
#CloudComputing #Serverless
#DataScientist #Linux #Programming #Coding #100DaysofCode #NodeJS #golang #NLP #GitHub #loT#hacked https://t.co/cWTJ5cLg1h"
1880944815048929621,2196900308,2025-01-19 11:46:04+00:00,"DM TO RECOVER YOUR GMAIL] ‚Äî #MachineLearning from Scratch: https://t.co/hu7THLPTEd
‚Äî‚Äî‚Äî‚Äî‚Äî
#BigData #DataScience #Statistics #AI #DataMining #Mathematics #Algorithms #NeuralNetworks #DeepLearning #DataLiteracy #Python #DataScientists #100DaysOfCode https://t.co/CBMuJ4OBhx"
1880944220292477167,1816018655529799680,2025-01-19 11:43:43+00:00,"Send Me A DM for all digital hacking
#MachineLearning #DataScience #SQL
#Cybersecurity #BigData #Analytics #Al #lloT #Python #JavaScript #ReactJS 
#CloudComputing #Serverless
#DataScientist #Linux #Programming #Coding #100DaysofCode #NodeJS #golang #NLP #GitHub #loT#hacked https://t.co/sWLesO5rAg"
1880943525698875516,1281955352,2025-01-19 11:40:57+00:00,"Do you suspect your partner of cheating and need clarity? Message me now. I'm available at all times.
#BigData #Awesome #iPhone/#ios/ #Android #BNB¬†¬† #Crypto #NFT #Python #Java #cryptoinvestor #Bullish #hackerindia #accounthack #accounthacking #ighacker 
#hacked https://t.co/2lfNxYg5hI"
1880943473563754550,1281955352,2025-01-19 11:40:44+00:00,"Do you suspect your partner of cheating and need clarity? Message me now. I'm available at all times.
#BigData #Awesome #iPhone/#ios/ #Android #BNB¬†¬† #Crypto #NFT #Python #Java #cryptoinvestor #Bullish #hackerindia #accounthack #accounthacking #ighacker 
#hacked https://t.co/rN3vPjwSB0"
1880942794635948484,1816018655529799680,2025-01-19 11:38:03+00:00,"Send Me A DM for all digital hacking
#MachineLearning #DataScience #SQL
#Cybersecurity #BigData #Analytics #Al #lloT #Python #JavaScript #ReactJS 
#CloudComputing #Serverless
#DataScientist #Linux #Programming #Coding #100DaysofCode #NodeJS #golang #NLP #GitHub #loT https://t.co/b7iAU5Nq3o"
1880942587428864214,1281955352,2025-01-19 11:37:13+00:00,"Have Your account been
Hacked Dm now for help
#ArtificialIntelligence
#DataScience #DataScientists #innovation #deeplearning
#CyberSecurity #nocode
#Python #Coding #javascript #rstats #100DaysOfCode #programming #Linux #loT #loT #Trending #Python #Bitcoin¬†¬†‚ÄØ‚ÄØ‚ÄØ‚ÄØ‚ÄØ‚ÄØ¬† ‚ÄØ#Blockc https://t.co/1dXiBjS6fq"
1880942541320892809,1281955352,2025-01-19 11:37:02+00:00,"Have Your account been
Hacked Dm now for help
#ArtificialIntelligence
#DataScience #DataScientists #innovation #deeplearning
#CyberSecurity #nocode
#Python #Coding #javascript #rstats #100DaysOfCode #programming #Linux #loT #loT #Trending #Python #Bitcoin¬†¬†‚ÄØ‚ÄØ‚ÄØ‚ÄØ‚ÄØ‚ÄØ¬† ‚ÄØ#Blockc https://t.co/bFmRrDA7SY"
1880942366733009123,1686884129646727168,2025-01-19 11:36:21+00:00,"Text me now for any hacking or bypass Active 24/7 
Upgrade and Account Recoveries.
#cybercrime
#programmer #malware #cyberattack
#informationsecurity #python #coding
#hackerindonesia #tech #cybersecurityawareness #meo https://t.co/oaqMXVFBdG"
1880942030760685580,1246772437150093313,2025-01-19 11:35:01+00:00,#Python for loop with index [4 Ways &amp; Examples] https://t.co/iwYv2XyEZj
1880941892105572688,1816018655529799680,2025-01-19 11:34:27+00:00,"Have Your account been
Hacked Dm now for help
#ArtificialIntelligence
#DataScience #DataScientists #innovation #deeplearning
#CyberSecurity #nocode
#Python #Coding #javascript #rstats #100DaysOfCode #programming #Linux #loT #loT #Trending #Python #Bitcoin¬†¬†‚ÄØ‚ÄØ‚ÄØ‚ÄØ‚ÄØ‚ÄØ¬† ‚ÄØ#Blockc https://t.co/LKm5QebO53"
1880941837701251561,1816018655529799680,2025-01-19 11:34:14+00:00,"Have Your account been
Hacked Dm now for help
#ArtificialIntelligence
#DataScience #DataScientists #innovation #deeplearning
#CyberSecurity #nocode
#Python #Coding #javascript #rstats #100DaysOfCode #programming #Linux #loT #loT #Trending #Python #Bitcoin¬†¬†‚ÄØ‚ÄØ‚ÄØ‚ÄØ‚ÄØ‚ÄØ¬† ‚ÄØ#Blockc https://t.co/GkL1SbT1Rc"
1880941387799273584,873428304346271744,2025-01-19 11:32:27+00:00,"ALBUM RELEASE
‚ú¶2025.01.20 6PM (KST)

#GOT7 #Í∞ìÏÑ∏Î∏ê
#PYTHON #GOT7_PYTHON
#WINTER_HEPTAGON
#GOT7_WINTER_HEPTAGON https://t.co/OvoIstKL1B"
1880941292441772537,1816018655529799680,2025-01-19 11:32:04+00:00,"Do you suspect your partner of cheating and need clarity? Message me now. I'm available at all times.
#BigData #Awesome #iPhone/#ios/ #Android #BNB¬†¬† #Crypto #NFT #Python #Java #cryptoinvestor #Bullish #hackerindia #accounthack #accounthacking #ighacker 
#hacked https://t.co/zVwADLKe2i"
1880941267238146494,1816018655529799680,2025-01-19 11:31:58+00:00,"Do you suspect your partner of cheating and need clarity? Message me now. I'm available at all times.
#BigData #Awesome #iPhone/#ios/ #Android #BNB¬†¬† #Crypto #NFT #Python #Java #cryptoinvestor #Bullish #hackerindia #accounthack #accounthacking #ighacker 
#hacked https://t.co/3jTejs5UaW"
1880940771228123468,4381266795,2025-01-19 11:30:00+00:00,"Add Fractal Julia set into the Texture.
#generativeart #python #creativecoding #abstractart

https://t.co/OvUqmpHNmo"
1880939588144738562,1655332879235268610,2025-01-19 11:25:18+00:00,üîß Stuck on 'Reactivating terminal' in VS Code? Shafayet Hossain is seeking solutions for running Python projects on Win 10. Have you faced this issue? Share your tips! #VSCode #Python #DevCommunity #Windows10 #CodingHelp https://t.co/me10fr3y8s
1880939093380706785,1422466282494914563,2025-01-19 11:23:20+00:00,"üéØDay 66/160: Just solved the ""Rotate a Linked List"" problem on @geeksforgeeks! using #Python #GeeksforGeeks #gfg160 #geekstreak2025 https://t.co/KIzz9XS9Mz"
1880938490797666502,1488554078888206341,2025-01-19 11:20:57+00:00,"@mbcbf_bf @GOT7Official Can‚Äôt wait to see them together on a radio program for this CB!! Bittersweet though it may be, glad they can be there together. Waiting to make new memories with you!!! #GOT7
üíöüíöüíöüíöüíöüíöüíöü•π
#PYTHON #WINTER_HEPTAGON 
#GOT7_WINTER_HEPTAGON https://t.co/8R5irtiZt2"
1880937248973004926,1103099761660432385,2025-01-19 11:16:00+00:00,"Explore Python decorators for enhanced code functionality. Learn how they improve logging, performance, caching, and more in your projects. üêç #DEVCommunity #Python
https://t.co/M1Uv7lnKiz"
1880936812170146077,1775748711504887808,2025-01-19 11:14:16+00:00,"In today's python course in kannada by @chandansgowdru basics to advance i learnt basics of oops and also about Abstraction and Encapsulation  .#coding #engineering
#engineeringinkannada #python #AI #selfstudy #study #beginner #IT https://t.co/LgtqV49PNL"
1880935903402901567,3310812723,2025-01-19 11:10:40+00:00,"Python: How to read from a text file
https://t.co/eAZhfCb7hk
#python #Coding #STEM #programming"
1880935747366289675,1148677600954462209,2025-01-19 11:10:02+00:00,"Yugyeom ü•π 
Thank you for the explanation, but it‚Äôs not your or any of the boys fault ü´∂ We all know that you are the light of our lives ‚ú® 

@yugyeom #Ïú†Í≤∏ #YUGYEOM 
#GOT7 #Í∞ìÏÑ∏Î∏ê  #WINTER_HEPTAGON  #GOT7_WINTER_HEPTAGON @GOT7Official #PYTHON #GOT7_PYTHON 
(ctto) https://t.co/Isyu7Ne7k4"
1880935473943921115,1694700986789769217,2025-01-19 11:08:57+00:00,"Getting ready üî•üî•üî•
20.01.2025 6:00PM KST 

üíöüíöüíöüíöüíöüíö

üê§üê•üïäü¶Öüê¶üê•üê§ü¶úü¶âüê¶‚Äçüî•

#GOT7 #Í∞ìÏÑ∏Î∏ê
#PYTHON #GOT7_PYTHON
#WINTER_HEPTAGON
#GOT7_WINTER_HEPTAGON https://t.co/q5G19IV7Xl"
1880935059236225395,1686884129646727168,2025-01-19 11:07:18+00:00,"Have Your account been
#Hacked Dm now for help
#ArtificialIntelligence
#DataScience #DataScientists #innovation #deeplearning
#CyberSecurity #nocode
#Python #Coding #javascript #rstats #100DaysOfCode #programming #Linux #loT #loT #Trending #Python #Bitcoin #Blockchain https://t.co/0qEvYwYtLJ"
1880934938897441139,1533563696068304899,2025-01-19 11:06:50+00:00,"We've got you covered;
Physics
essay due
math...... 
sociology 
javascript
essay pay
History
#algebra
#psychology
calculus 1,2,3
literature‚Äô
history
#Python
#Thesis
Pay write paper
Assignments help
#Homework
#College courses
University exam
#Coursework
24/7 available"
1880934603822874709,1446542316521410563,2025-01-19 11:05:30+00:00,"My Version of the solution for Day 12 of #100DaysOfCode course by @Dr.AngelaYu.

Let me know if you find it interesting and rate me

- Excellent 
- Good
- Average
- Poor

I am also open to suggestions in the comments.

Thank you! 

#pythonlearning #pythonforbeginners #PYTHON https://t.co/C40yGzOUC2"
1880934016574259356,1533563696068304899,2025-01-19 11:03:10+00:00,"We've got you covered;
Physics..
essay due...
math
sociology 
javascript
essay pay .....
History
algebra
psychology
#calculus 1,2,3
literature
history
#Python
Thesis
Pay write paper...
#Assignments help
Homework
College courses
University exam....
Coursework.
24/7 available..."
1880933955421298927,1533563696068304899,2025-01-19 11:02:55+00:00,"We've got you covered;
Physics..
essay due
math
#sociology 
javascript
essay pay 
#History
algebra
psychology
calculus 1,2,3
literature
history
#Python
Thesis
Pay write paper...
Assignments help
Homework
#College courses
University exam
Coursework.
24/7 available."
1880933257803629017,4024988533,2025-01-19 11:00:09+00:00,"2025 Jan 19 (Sun) 20:00:08  
 Test posted at 1 hour intervals.
 Conoha-VPS on Linux Debian12.
 #VScode #Docker #Python #NodeRED 
 #Ë¶≥ÂÖâxIT #Â±±„ÉÑ„Ç§ #3VÂ∞èÊ∞¥ÂäõÁô∫Èõª https://t.co/dHZGHUKXRq"
1880933237578731608,1641392990391345152,2025-01-19 11:00:04+00:00,"I'm an #Armbian based #Python scripted bot
This is my hourly #Pihole report:

Ads Blocked: 24,036
Percentage Blocked Today: 28.1 % 
DNS Queries Today: 85,498
Domains Blocked: 1,646,712

Time and date: 19:00 01-19-2025"
1880933234856321248,1195818915030540290,2025-01-19 11:00:03+00:00,"üî• Millennium Management is hiring AI Support Engineer 

üåá Singapore 
üí™ #AI #python #redis #java #kubernetes 

#tech #softwareengineer #jobs 
https://t.co/8Q1b3mBdw1"
1880933234042699806,1195818915030540290,2025-01-19 11:00:03+00:00,"ü¶Ñ Evolv Technology is hiring Site Reliability Intern  

üõñ #remote #wfh 
üí™ #SRE #python #aws #terraform 

#tech #softwareengineer #jobs #100daysofcode #100devs 
https://t.co/UllX63hwMM"
1880933234038501589,3092470732,2025-01-19 11:00:03+00:00,"Tyre Modelling Engineer @Alpinef1team

Apply üîó https://t.co/bYShA9vQJf

#motorsportjobs #motorsport #jobs #jobalert #jobsinmotorsport #HowtogetajobinF1 #workinf1 #f1jobs #jobsinf1 #F1 #alpine #alpinef1 #tyre #modelling #simulation #Simulator #MATLAB #Python #thermo #WinTAX https://t.co/iHUl4Jbf4E"
1880933223146147867,1148677600954462209,2025-01-19 11:00:01+00:00,"@PopBase @PepiPlease Yeah!!!!!

#GOT7 #Í∞ìÏÑ∏Î∏ê  #WINTER_HEPTAGON  #GOT7_WINTER_HEPTAGON @GOT7Official #PYTHON #GOT7_PYTHON"
1880930896791892446,1235858964102787077,2025-01-19 10:50:46+00:00,"How to Learn Deep Learning?
https://t.co/BcJJeEgsbn

@KirkDBorne
@antgrasso
@ronald_vanloon
#MachineLearning #DeepLearning #BigData #Datascience #ML #HealthTech #DataVisualization #ArtificialInteligence #SoftwareEngineering #GenAI #deeplearning #ChatGPT #OpenAI #python #AI #keras‚Ä¶ https://t.co/HU8aYG8jPv"
1880930384734806065,754318789911646208,2025-01-19 10:48:44+00:00,"#Python #Backend  learning string formatting method , casting method(converting of data types) and accepting input values and working with them https://t.co/iHhb7p66zg"
1880928461889696225,1321105603561803777,2025-01-19 10:41:05+00:00,"Fighting naüíöü´∂üèª

#GOT7_PYTHON #PYTHON
#WINTER_HEPTAGON
#GOT7_WINTER_HEPTAGON
#GOT7 #Í∞ìÏÑ∏Î∏ê @GOT7Official

 https://t.co/ViWU9in02V"
1880927900729544958,1686884129646727168,2025-01-19 10:38:52+00:00,"Have Your account been
#Hacked Dm now for help
#ArtificialIntelligence
#DataScience #DataScientists #innovation #deeplearning
#CyberSecurity #nocode
#Python #Coding #javascript #rstats #100DaysOfCode #programming #Linux #loT #loT #Trending #Python #Bitcoin #Blockchain https://t.co/yhRSLy7tak"
